Protocol,Scanner,Manufacturer,B0 [T],TR [ms],TE [ms],BW [Hz/pixel],Voxel z/y/x [mm],Paired
P01,S1,Siemens,1.5,1800.00,3.20,170.0,1.000 × 0.898 × 0.898,Yes
P02,S1,Siemens,1.5,1800.00,3.20,170.0,1.000 × 0.898 × 0.898,Yes
P03,S2,Philips,1.5,7.59,3.46,216.6,1.000 × 0.977 × 0.977,Yes
P04,S2,Philips,1.5,7.59,3.46,216.6,1.000 × 0.977 × 0.977,Yes
P05,S3,Siemens,1.5,1590.00,2.99,160.0,1.000 × 0.938 × 0.938,No
P06,S3,Siemens,1.5,1590.00,2.99,160.0,1.000 × 0.938 × 0.938,No
P07,S4,Siemens,1.5,2200.00,3.02,160.0,1.000 × 0.977 × 0.977,Yes
P08,S5,Philips,3,8.97,4.18,191.0,1.000 × 0.938 × 0.938,Yes
P09,S5,Philips,3,8.97,4.18,191.0,1.000 × 0.938 × 0.938,Yes
